{"mean_reward": 300.5, "std_reward": 70.58505507541948, "is_deterministic": false, "n_eval_episodes": 10, "eval_datetime": "2025-01-15T18:08:51.513326"}