{"_timestamp":1.7372333876295218e+09,"_runtime":0.412009,"_step":99,"test_loss":198,"_wandb":{"runtime":0},"global_step":99}